1000,Willie Greene
1001,Billy Myers
1002,Rachel Crawford
1003,Jessica Willis
1004,Earl Sims
1005,Nicholas Richardson
1006,Debra Wheeler
1007,Melissa Welch
1008,Bonnie Myers
1009,Gary Palmer
1010,Michael Lopez
1011,Beverly Foster
1012,Phillip Murphy
1013,Teresa Butler
1014,Stephanie Cox
1015,Juan Hunt
1016,Terry Carter
1017,Billy Wagner
1018,Matthew Kelly
1019,Catherine Sanders
1020,Phillip Baker
1021,Keith Moore
1022,Chris Mccoy
1023,Anne Allen
1024,Anthony Wagner
1025,Howard Williams
1026,Karen Bishop
1027,Jessica Vasquez
1028,Norma Andrews
1029,Willie Gonzales
1030,Lawrence Cox
1031,Cheryl Kennedy
1032,Robert Watson
1033,Lawrence Harper
1034,Robin Lewis
1035,David Hudson
1036,Jane Porter
1037,Paula Kennedy
1038,Barbara Ryan
1039,Michael Mills
1040,Kimberly Webb
1041,Marilyn Fox
1042,Lois Ryan
1043,Jerry Hernandez
1044,Eric Lewis
1045,Walter Fisher
1046,Shirley Mccoy
1047,Arthur Allen
1048,Roger Stanley
1049,Ashley Fisher
